appl_id,frm_id,btn_key,cust_lvl,btn_posn,btn_ena_flg,btn_vis_flg,grp_nam
LES,apptmnt,btnordersfordsp,0,33,1,1,dcs_data
ordersfordsp,ordersfordsp,btnStop,0,1,1,1,dcs_data
ordersfordsp,ordersfordsp,btnSep1,0,12,2,1,dcs_data
ordersfordsp,ordersfordsp,btnClear,0,13,1,1,dcs_data
ordersfordsp,ordersfordsp,btnFind,0,14,1,1,dcs_data
ordersfordsp,ordersfordsp,btnPrevRec,0,15,0,1,dcs_data
ordersfordsp,ordersfordsp,btnNextRec,0,16,0,1,dcs_data
ordersfordsp,ordersfordsp,btnRefresh,0,17,1,1,dcs_data
ordersfordsp,ordersfordsp,btnToggleGrid,0,18,0,1,dcs_data
ordersfordsp,ordersfordsp,btnChartData,0,19,1,1,dcs_data
ordersfordsp,ordersfordsp,btnGraph,0,20,1,1,dcs_data
ordersfordsp,ordersfordsp,btnSep2,0,30,1,1,dcs_data
ordersfordsp,ordersfordsp,btnHelp,0,31,1,1,dcs_data