dda_id,cust_lvl,dda_fld_typ,var_nam,srtseq,link_dda_id,link_flds,ena_flg,ctxt_flds,grp_nam,dflt_flg,rqdflg,dspl_only_flg,aggr_func,fltr_grp,pk_fld_flg,pk_layout_flg
SHORTS-FOR-OPR,0,A,client_id,0,,,1,,dcs_data,0,0,0,0,,0,0       
SHORTS-FOR-OPR,0,A,ordnum,1,,,1,,dcs_data,0,0,0,0,,0,0
SHORTS-FOR-OPR,0,A,ordlin,2,,,1,,dcs_data,0,0,0,0,,0,0       
SHORTS-FOR-OPR,0,A,ordsln,3,,,1,,dcs_data,0,0,0,0,,0,0
SHORTS-FOR-OPR,0,A,wh_id,4,,,1,,dcs_data,0,0,0,0,,0,0
SHORTS-FOR-OPR,0,A,prt_client_id,5,,,1,,dcs_data,0,0,0,0,,0,0
SHORTS-FOR-OPR,0,A,prtnum,6,,,1,,dcs_data,0,0,0,0,,0,0
SHORTS-FOR-OPR,0,A,rule_nam,7,,,1,,dcs_data,0,0,0,0,,0,0
SHORTS-FOR-OPR,0,A,supnum,8,,,1,,dcs_data,0,0,0,0,,0,0
SHORTS-FOR-OPR,0,A,cooinc,9,,,1,,dcs_data,0,0,0,0,,0,0
SHORTS-FOR-OPR,0,A,coolst,10,,,1,,dcs_data,0,0,0,0,,0,0
SHORTS-FOR-OPR,0,A,dstare,11,,,1,,dcs_data,0,0,0,0,,0,0
SHORTS-FOR-OPR,0,A,dstloc,12,,,1,,dcs_data,0,0,0,0,,0,0
SHORTS-FOR-OPR,0,A,rsvpri,13,,,1,,dcs_data,0,0,0,0,,0,0
SHORTS-FOR-OPR,0,A,host_ordqty,14,,,1,,dcs_data,0,0,0,0,,0,0
SHORTS-FOR-OPR,0,A,ordqty,15,,,1,,dcs_data,0,0,0,0,,0,0
SHORTS-FOR-OPR,0,A,rsvqty,16,,,1,,dcs_data,0,0,0,0,,0,0
SHORTS-FOR-OPR,0,A,pckqty,17,,,1,,dcs_data,0,0,0,0,,0,0
SHORTS-FOR-OPR,0,A,shpqty,18,,,1,,dcs_data,0,0,0,0,,0,0
SHORTS-FOR-OPR,0,A,ovramt,19,,,1,,dcs_data,0,0,0,0,,0,0
SHORTS-FOR-OPR,0,A,ovrcod,20,,,1,,dcs_data,0,0,0,0,,0,0
SHORTS-FOR-OPR,0,A,marcod,21,,,1,,dcs_data,0,0,0,0,,0,0
SHORTS-FOR-OPR,0,A,parflg,22,,,1,,dcs_data,0,0,0,0,,0,0
SHORTS-FOR-OPR,0,A,ovaflg,23,,,1,,dcs_data,0,0,0,0,,0,0
SHORTS-FOR-OPR,0,A,ovpflg,24,,,1,,dcs_data,0,0,0,0,,0,0
SHORTS-FOR-OPR,0,A,rpqflg,25,,,1,,dcs_data,0,0,0,0,,0,0 
SHORTS-FOR-OPR,0,A,splflg,26,,,1,,dcs_data,0,0,0,0,,0,0 
SHORTS-FOR-OPR,0,A,stdflg,27,,,1,,dcs_data,0,0,0,0,,0,0 
SHORTS-FOR-OPR,0,A,bckflg,28,,,1,,dcs_data,0,0,0,0,,0,0 
SHORTS-FOR-OPR,0,A,prcpri,29,,,1,,dcs_data,0,0,0,0,,0,0 
SHORTS-FOR-OPR,0,A,frtcod,30,,,1,,dcs_data,0,0,0,0,,0,0 
SHORTS-FOR-OPR,0,A,cargrp,31,,,1,,dcs_data,0,0,0,0,,0,0 
SHORTS-FOR-OPR,0,A,carcod,32,,,1,,dcs_data,0,0,0,0,,0,0 
SHORTS-FOR-OPR,0,A,srvlvl,33,,,1,,dcs_data,0,0,0,0,,0,0 
SHORTS-FOR-OPR,0,A,sddflg,34,,,1,,dcs_data,0,0,0,0,,0,0       
SHORTS-FOR-OPR,0,A,entdte,35,,,1,,dcs_data,0,0,0,0,,0,0
SHORTS-FOR-OPR,0,A,sales_ordnum,36,,,1,,dcs_data,0,0,0,0,,0,0       
SHORTS-FOR-OPR,0,A,sales_ordlin,37,,,1,,dcs_data,0,0,0,0,,0,0
SHORTS-FOR-OPR,0,A,cstprt,38,,,1,,dcs_data,0,0,0,0,,0,0
SHORTS-FOR-OPR,0,A,manfid,39,,,1,,dcs_data,0,0,0,0,,0,0
SHORTS-FOR-OPR,0,A,deptno,40,,,1,,dcs_data,0,0,0,0,,0,0
SHORTS-FOR-OPR,0,A,accnum,41,,,1,,dcs_data,0,0,0,0,,0,0
SHORTS-FOR-OPR,0,A,prjnum,42,,,1,,dcs_data,0,0,0,0,,0,0
SHORTS-FOR-OPR,0,A,untcas,43,,,1,,dcs_data,0,0,0,0,,0,0
SHORTS-FOR-OPR,0,A,untpak,44,,,1,,dcs_data,0,0,0,0,,0,0
SHORTS-FOR-OPR,0,A,untpal,45,,,1,,dcs_data,0,0,0,0,,0,0
SHORTS-FOR-OPR,0,A,unt_ins_val,56,,,1,,dcs_data,0,0,0,0,,0,0
SHORTS-FOR-OPR,0,A,rel_val,47,,,1,,dcs_data,0,0,0,0,,0,0
SHORTS-FOR-OPR,0,A,rel_val_unt_typ,48,,,1,,dcs_data,0,0,0,0,,0,0
SHORTS-FOR-OPR,0,A,early_shpdte,49,,,1,,dcs_data,0,0,0,0,,0,0
SHORTS-FOR-OPR,0,A,late_shpdte,50,,,1,,dcs_data,0,0,0,0,,0,0
SHORTS-FOR-OPR,0,A,early_dlvdte,51,,,1,,dcs_data,0,0,0,0,,0,0
SHORTS-FOR-OPR,0,A,late_dlvdte,52,,,1,,dcs_data,0,0,0,0,,0,0
SHORTS-FOR-OPR,0,A,ordinv,53,,,1,,dcs_data,0,0,0,0,,0,0
SHORTS-FOR-OPR,0,A,xdkflg,54,,,1,,dcs_data,0,0,0,0,,0,0
SHORTS-FOR-OPR,0,A,edtflg,55,,,1,,dcs_data,0,0,0,0,,0,0
SHORTS-FOR-OPR,0,A,atoflg,56,,,1,,dcs_data,0,0,0,0,,0,0
SHORTS-FOR-OPR,0,A,pckgr1,57,,,1,,dcs_data,0,0,0,0,,0,0
SHORTS-FOR-OPR,0,A,pckgr2,58,,,1,,dcs_data,0,0,0,0,,0,0
SHORTS-FOR-OPR,0,A,pckgr3,59,,,1,,dcs_data,0,0,0,0,,0,0 
SHORTS-FOR-OPR,0,A,pckgr4,60,,,1,,dcs_data,0,0,0,0,,0,0 
SHORTS-FOR-OPR,0,A,frsflg,61,,,1,,dcs_data,0,0,0,0,,0,0 
SHORTS-FOR-OPR,0,A,invsts_prg,62,,,1,,dcs_data,0,0,0,0,,0,0 
SHORTS-FOR-OPR,0,A,min_shelf_hrs,63,,,1,,dcs_data,0,0,0,0,,0,0 
SHORTS-FOR-OPR,0,A,non_alc_flg,64,,,1,,dcs_data,0,0,0,0,,0,0 
SHORTS-FOR-OPR,0,A,tms_ord_stat,65,,,1,,dcs_data,0,0,0,0,,0,0 
SHORTS-FOR-OPR,0,A,tms_snt_flg,66,,,1,,dcs_data,0,0,0,0,,0,0 
SHORTS-FOR-OPR,0,A,tms_dte_snt,67,,,1,,dcs_data,0,0,0,0,,0,0 
SHORTS-FOR-OPR,0,A,unt_price,68,,,1,,dcs_data,0,0,0,0,,0,0       
SHORTS-FOR-OPR,0,A,wave_set,69,,,1,,dcs_data,0,0,0,0,,0,0
SHORTS-FOR-OPR,0,A,crncy_name,70,,,1,,dcs_data,0,0,0,0,,0,0       
SHORTS-FOR-OPR,0,A,equip_res_scp,71,,,1,,dcs_data,0,0,0,0,,0,0
SHORTS-FOR-OPR,0,A,tot_pln_wgt,72,,,1,,dcs_data,0,0,0,0,,0,0
SHORTS-FOR-OPR,0,A,tot_pln_cube,73,,,1,,dcs_data,0,0,0,0,,0,0
SHORTS-FOR-OPR,0,A,tot_pln_misc_qty,74,,,1,,dcs_data,0,0,0,0,,0,0
SHORTS-FOR-OPR,0,A,tot_pln_pal_qty,75,,,1,,dcs_data,0,0,0,0,,0,0
SHORTS-FOR-OPR,0,A,tot_pln_cas_qty,76,,,1,,dcs_data,0,0,0,0,,0,0
SHORTS-FOR-OPR,0,A,tot_pln_misc2_qt,77,,,1,,dcs_data,0,0,0,0,,0,0
SHORTS-FOR-OPR,0,A,appt_dte,78,,,1,,dcs_data,0,0,0,0,,0,0
SHORTS-FOR-OPR,0,A,tms_pln_sts,79,,,1,,dcs_data,0,0,0,0,,0,0
SHORTS-FOR-OPR,0,A,crncy_code,80,,,1,,dcs_data,0,0,0,0,,0,0
SHORTS-FOR-OPR,0,A,distro_id,81,,,1,,dcs_data,0,0,0,0,,0,0
SHORTS-FOR-OPR,0,A,est_time,82,,,1,,dcs_data,0,0,0,0,,0,0
SHORTS-FOR-OPR,0,A,sf_adr_id,83,,,1,,dcs_data,0,0,0,0,,0,0
SHORTS-FOR-OPR,0,A,st_adr_id,84,,,1,,dcs_data,0,0,0,0,,0,0
SHORTS-FOR-OPR,0,A,rt_adr_id,85,,,1,,dcs_data,0,0,0,0,,0,0
SHORTS-FOR-OPR,0,A,moddte,86,,,1,,dcs_data,0,0,0,0,,0,0
SHORTS-FOR-OPR,0,A,mod_usr_id,87,,,1,,dcs_data,0,0,0,0,,0,0
SHORTS-FOR-OPR,0,A,alc_search_path,88,,,1,,dcs_data,0,0,0,0,,0,0
SHORTS-FOR-OPR,0,A,bto_comcod,89,,,1,,dcs_data,0,0,0,0,,0,0
SHORTS-FOR-OPR,0,A,explicnum,90,,,1,,dcs_data,0,0,0,0,,0,0
SHORTS-FOR-OPR,0,A,explicexpdte,91,,,1,,dcs_data,0,0,0,0,,0,0
SHORTS-FOR-OPR,0,A,explicexcpt,92,,,1,,dcs_data,0,0,0,0,,0,0
SHORTS-FOR-OPR,0,A,implicnum,93,,,1,,dcs_data,0,0,0,0,,0,0 
SHORTS-FOR-OPR,0,A,implicexpdte,94,,,1,,dcs_data,0,0,0,0,,0,0 
SHORTS-FOR-OPR,0,A,implicexcpt,95,,,1,,dcs_data,0,0,0,0,,0,0 
SHORTS-FOR-OPR,0,A,eccn,96,,,1,,dcs_data,0,0,0,0,,0,0 
SHORTS-FOR-OPR,0,A,sedflg,97,,,1,,dcs_data,0,0,0,0,,0,0 
SHORTS-FOR-OPR,0,A,cootyp,98,,,1,,dcs_data,0,0,0,0,,0,0 
SHORTS-FOR-OPR,0,A,coonum,99,,,1,,dcs_data,0,0,0,0,,0,0 
SHORTS-FOR-OPR,0,A,naftabegdte,100,,,1,,dcs_data,0,0,0,0,,0,0 
SHORTS-FOR-OPR,0,A,naftaenddte,101,,,1,,dcs_data,0,0,0,0,,0,0 
SHORTS-FOR-OPR,0,A,tradeagreetyp,102,,,1,,dcs_data,0,0,0,0,,0,0
SHORTS-FOR-OPR,0,A,marksnumbers,103,,,1,,dcs_data,0,0,0,0,,0,0
SHORTS-FOR-OPR,0,A,nafta_pref_crit,104,,,1,,dcs_data,0,0,0,0,,0,0
SHORTS-FOR-OPR,0,A,nafta_producer,105,,,1,,dcs_data,0,0,0,0,,0,0
SHORTS-FOR-OPR,0,A,sed_export_typ,106,,,1,,dcs_data,0,0,0,0,,0,0
SHORTS-FOR-OPR,0,A,bto_dlv_seq,107,,,1,,dcs_data,0,0,0,0,,0,0
SHORTS-FOR-OPR,0,A,bto_station,108,,,1,,dcs_data,0,0,0,0,,0,0
SHORTS-FOR-OPR,0,A,bto_side,109,,,1,,dcs_data,0,0,0,0,,0,0
SHORTS-FOR-OPR,0,A,bto_bay,110,,,1,,dcs_data,0,0,0,0,,0,0
SHORTS-FOR-OPR,0,A,ftpcod,111,,,1,,dcs_data,0,0,0,0,,0,0 
SHORTS-FOR-OPR,0,A,abs_ordinv_win,112,,,1,,dcs_data,0,0,0,0,,0,0 
SHORTS-FOR-OPR,0,A,abs_ordinv_code,113,,,1,,dcs_data,0,0,0,0,,0,0 
SHORTS-FOR-OPR,0,A,export_typ,114,,,1,,dcs_data,0,0,0,0,,0,0 
SHORTS-FOR-OPR,0,A,paytrm,115,,,1,,dcs_data,0,0,0,0,,0,0 
SHORTS-FOR-OPR,0,A,super_rule_nam,116,,,1,,dcs_data,0,0,0,0,,0,0 
SHORTS-FOR-OPR,0,A,aut_gen_flg,117,,,1,,dcs_data,0,0,0,0,,0,0 
SHORTS-FOR-OPR,0,A,org_distro_id,118,,,1,,dcs_data,0,0,0,0,,0,0 
SHORTS-FOR-OPR,0,A,btcust,119,,,1,,dcs_data,0,0,0,0,,0,0
SHORTS-FOR-OPR,0,A,stcust,120,,,1,,dcs_data,0,0,0,0,,0,0
SHORTS-FOR-OPR,0,A,rtcust,121,,,1,,dcs_data,0,0,0,0,,0,0
SHORTS-FOR-OPR,0,A,brcust,122,,,1,,dcs_data,0,0,0,0,,0,0
SHORTS-FOR-OPR,0,A,bt_adr_id,123,,,1,,dcs_data,0,0,0,0,,0,0
SHORTS-FOR-OPR,0,A,st_adr_id,124,,,1,,dcs_data,0,0,0,0,,0,0
SHORTS-FOR-OPR,0,A,rt_adr_id,125,,,1,,dcs_data,0,0,0,0,,0,0
SHORTS-FOR-OPR,0,A,br_adr_id,126,,,1,,dcs_data,0,0,0,0,,0,0
SHORTS-FOR-OPR,0,A,ord_lst,127,,,1,,dcs_data,0,0,0,0,,0,0
SHORTS-FOR-OPR,0,A,stcust_lst,128,,,1,,dcs_data,0,0,0,0,,0,0
SHORTS-FOR-OPR,0,A,ordtyp,129,,,1,,dcs_data,0,0,0,0,,0,0
SHORTS-FOR-OPR,0,A,lngdsc,130,,,1,,dcs_data,0,0,0,0,,0,0
SHORTS-FOR-OPR,0,D,client_id,0,,,1,,dcs_data,0,0,0,0,,0,0       
SHORTS-FOR-OPR,0,D,ordnum,1,,,1,,dcs_data,0,0,0,0,,0,0
SHORTS-FOR-OPR,0,D,ordlin,2,,,1,,dcs_data,0,0,0,0,,0,0       
SHORTS-FOR-OPR,0,D,ordsln,3,,,1,,dcs_data,0,0,0,0,,0,0
SHORTS-FOR-OPR,0,D,wh_id,4,,,1,,dcs_data,0,0,0,0,,0,0
SHORTS-FOR-OPR,0,D,prt_client_id,5,,,1,,dcs_data,0,0,0,0,,0,0
SHORTS-FOR-OPR,0,D,prtnum,6,,,1,,dcs_data,0,0,0,0,,0,0
SHORTS-FOR-OPR,0,D,rule_nam,7,,,1,,dcs_data,0,0,0,0,,0,0
SHORTS-FOR-OPR,0,D,supnum,8,,,1,,dcs_data,0,0,0,0,,0,0
SHORTS-FOR-OPR,0,D,cooinc,9,,,1,,dcs_data,0,0,0,0,,0,0
SHORTS-FOR-OPR,0,D,coolst,10,,,1,,dcs_data,0,0,0,0,,0,0
SHORTS-FOR-OPR,0,D,dstare,11,,,1,,dcs_data,0,0,0,0,,0,0
SHORTS-FOR-OPR,0,D,dstloc,12,,,1,,dcs_data,0,0,0,0,,0,0
SHORTS-FOR-OPR,0,D,rsvpri,13,,,1,,dcs_data,0,0,0,0,,0,0
SHORTS-FOR-OPR,0,D,host_ordqty,14,,,1,,dcs_data,0,0,0,0,,0,0
SHORTS-FOR-OPR,0,D,ordqty,15,,,1,,dcs_data,0,0,0,0,,0,0
SHORTS-FOR-OPR,0,D,rsvqty,16,,,1,,dcs_data,0,0,0,0,,0,0
SHORTS-FOR-OPR,0,D,pckqty,17,,,1,,dcs_data,0,0,0,0,,0,0
SHORTS-FOR-OPR,0,D,shpqty,18,,,1,,dcs_data,0,0,0,0,,0,0
SHORTS-FOR-OPR,0,D,ovramt,19,,,1,,dcs_data,0,0,0,0,,0,0
SHORTS-FOR-OPR,0,D,ovrcod,20,,,1,,dcs_data,0,0,0,0,,0,0
SHORTS-FOR-OPR,0,D,marcod,21,,,1,,dcs_data,0,0,0,0,,0,0
SHORTS-FOR-OPR,0,D,parflg,22,,,1,,dcs_data,0,0,0,0,,0,0
SHORTS-FOR-OPR,0,D,ovaflg,23,,,1,,dcs_data,0,0,0,0,,0,0
SHORTS-FOR-OPR,0,D,ovpflg,24,,,1,,dcs_data,0,0,0,0,,0,0
SHORTS-FOR-OPR,0,D,rpqflg,25,,,1,,dcs_data,0,0,0,0,,0,0 
SHORTS-FOR-OPR,0,D,splflg,26,,,1,,dcs_data,0,0,0,0,,0,0 
SHORTS-FOR-OPR,0,D,stdflg,27,,,1,,dcs_data,0,0,0,0,,0,0 
SHORTS-FOR-OPR,0,D,bckflg,28,,,1,,dcs_data,0,0,0,0,,0,0 
SHORTS-FOR-OPR,0,D,prcpri,29,,,1,,dcs_data,0,0,0,0,,0,0 
SHORTS-FOR-OPR,0,D,frtcod,30,,,1,,dcs_data,0,0,0,0,,0,0 
SHORTS-FOR-OPR,0,D,cargrp,31,,,1,,dcs_data,0,0,0,0,,0,0 
SHORTS-FOR-OPR,0,D,carcod,32,,,1,,dcs_data,0,0,0,0,,0,0 
SHORTS-FOR-OPR,0,D,srvlvl,33,,,1,,dcs_data,0,0,0,0,,0,0 
SHORTS-FOR-OPR,0,D,sddflg,34,,,1,,dcs_data,0,0,0,0,,0,0       
SHORTS-FOR-OPR,0,D,entdte,35,,,1,,dcs_data,0,0,0,0,,0,0
SHORTS-FOR-OPR,0,D,sales_ordnum,36,,,1,,dcs_data,0,0,0,0,,0,0       
SHORTS-FOR-OPR,0,D,sales_ordlin,37,,,1,,dcs_data,0,0,0,0,,0,0
SHORTS-FOR-OPR,0,D,cstprt,38,,,1,,dcs_data,0,0,0,0,,0,0
SHORTS-FOR-OPR,0,D,manfid,39,,,1,,dcs_data,0,0,0,0,,0,0
SHORTS-FOR-OPR,0,D,deptno,40,,,1,,dcs_data,0,0,0,0,,0,0
SHORTS-FOR-OPR,0,D,accnum,41,,,1,,dcs_data,0,0,0,0,,0,0
SHORTS-FOR-OPR,0,D,prjnum,42,,,1,,dcs_data,0,0,0,0,,0,0
SHORTS-FOR-OPR,0,D,untcas,43,,,1,,dcs_data,0,0,0,0,,0,0
SHORTS-FOR-OPR,0,D,untpak,44,,,1,,dcs_data,0,0,0,0,,0,0
SHORTS-FOR-OPR,0,D,untpal,45,,,1,,dcs_data,0,0,0,0,,0,0
SHORTS-FOR-OPR,0,D,unt_ins_val,56,,,1,,dcs_data,0,0,0,0,,0,0
SHORTS-FOR-OPR,0,D,rel_val,47,,,1,,dcs_data,0,0,0,0,,0,0
SHORTS-FOR-OPR,0,D,rel_val_unt_typ,48,,,1,,dcs_data,0,0,0,0,,0,0
SHORTS-FOR-OPR,0,D,early_shpdte,49,,,1,,dcs_data,0,0,0,0,,0,0
SHORTS-FOR-OPR,0,D,late_shpdte,50,,,1,,dcs_data,0,0,0,0,,0,0
SHORTS-FOR-OPR,0,D,early_dlvdte,51,,,1,,dcs_data,0,0,0,0,,0,0
SHORTS-FOR-OPR,0,D,late_dlvdte,52,,,1,,dcs_data,0,0,0,0,,0,0
SHORTS-FOR-OPR,0,D,ordinv,53,,,1,,dcs_data,0,0,0,0,,0,0
SHORTS-FOR-OPR,0,D,xdkflg,54,,,1,,dcs_data,0,0,0,0,,0,0
SHORTS-FOR-OPR,0,D,edtflg,55,,,1,,dcs_data,0,0,0,0,,0,0
SHORTS-FOR-OPR,0,D,atoflg,56,,,1,,dcs_data,0,0,0,0,,0,0
SHORTS-FOR-OPR,0,D,pckgr1,57,,,1,,dcs_data,0,0,0,0,,0,0
SHORTS-FOR-OPR,0,D,pckgr2,58,,,1,,dcs_data,0,0,0,0,,0,0
SHORTS-FOR-OPR,0,D,pckgr3,59,,,1,,dcs_data,0,0,0,0,,0,0 
SHORTS-FOR-OPR,0,D,pckgr4,60,,,1,,dcs_data,0,0,0,0,,0,0 
SHORTS-FOR-OPR,0,D,frsflg,61,,,1,,dcs_data,0,0,0,0,,0,0 
SHORTS-FOR-OPR,0,D,invsts_prg,62,,,1,,dcs_data,0,0,0,0,,0,0 
SHORTS-FOR-OPR,0,D,min_shelf_hrs,63,,,1,,dcs_data,0,0,0,0,,0,0 
SHORTS-FOR-OPR,0,D,non_alc_flg,64,,,1,,dcs_data,0,0,0,0,,0,0 
SHORTS-FOR-OPR,0,D,tms_ord_stat,65,,,1,,dcs_data,0,0,0,0,,0,0 
SHORTS-FOR-OPR,0,D,tms_snt_flg,66,,,1,,dcs_data,0,0,0,0,,0,0 
SHORTS-FOR-OPR,0,D,tms_dte_snt,67,,,1,,dcs_data,0,0,0,0,,0,0 
SHORTS-FOR-OPR,0,D,unt_price,68,,,1,,dcs_data,0,0,0,0,,0,0       
SHORTS-FOR-OPR,0,D,wave_set,69,,,1,,dcs_data,0,0,0,0,,0,0
SHORTS-FOR-OPR,0,D,crncy_name,70,,,1,,dcs_data,0,0,0,0,,0,0       
SHORTS-FOR-OPR,0,D,equip_res_scp,71,,,1,,dcs_data,0,0,0,0,,0,0
SHORTS-FOR-OPR,0,D,tot_pln_wgt,72,,,1,,dcs_data,0,0,0,0,,0,0
SHORTS-FOR-OPR,0,D,tot_pln_cube,73,,,1,,dcs_data,0,0,0,0,,0,0
SHORTS-FOR-OPR,0,D,tot_pln_misc_qty,74,,,1,,dcs_data,0,0,0,0,,0,0
SHORTS-FOR-OPR,0,D,tot_pln_pal_qty,75,,,1,,dcs_data,0,0,0,0,,0,0
SHORTS-FOR-OPR,0,D,tot_pln_cas_qty,76,,,1,,dcs_data,0,0,0,0,,0,0
SHORTS-FOR-OPR,0,D,tot_pln_misc2_qt,77,,,1,,dcs_data,0,0,0,0,,0,0
SHORTS-FOR-OPR,0,D,appt_dte,78,,,1,,dcs_data,0,0,0,0,,0,0
SHORTS-FOR-OPR,0,D,tms_pln_sts,79,,,1,,dcs_data,0,0,0,0,,0,0
SHORTS-FOR-OPR,0,D,crncy_code,80,,,1,,dcs_data,0,0,0,0,,0,0
SHORTS-FOR-OPR,0,D,distro_id,81,,,1,,dcs_data,0,0,0,0,,0,0
SHORTS-FOR-OPR,0,D,est_time,82,,,1,,dcs_data,0,0,0,0,,0,0
SHORTS-FOR-OPR,0,D,sf_adr_id,83,,,1,,dcs_data,0,0,0,0,,0,0
SHORTS-FOR-OPR,0,D,st_adr_id,84,,,1,,dcs_data,0,0,0,0,,0,0
SHORTS-FOR-OPR,0,D,rt_adr_id,85,,,1,,dcs_data,0,0,0,0,,0,0
SHORTS-FOR-OPR,0,D,moddte,86,,,1,,dcs_data,0,0,0,0,,0,0
SHORTS-FOR-OPR,0,D,mod_usr_id,87,,,1,,dcs_data,0,0,0,0,,0,0
SHORTS-FOR-OPR,0,D,alc_search_path,88,,,1,,dcs_data,0,0,0,0,,0,0
SHORTS-FOR-OPR,0,D,bto_comcod,89,,,1,,dcs_data,0,0,0,0,,0,0
SHORTS-FOR-OPR,0,D,explicnum,90,,,1,,dcs_data,0,0,0,0,,0,0
SHORTS-FOR-OPR,0,D,explicexpdte,91,,,1,,dcs_data,0,0,0,0,,0,0
SHORTS-FOR-OPR,0,D,explicexcpt,92,,,1,,dcs_data,0,0,0,0,,0,0
SHORTS-FOR-OPR,0,D,implicnum,93,,,1,,dcs_data,0,0,0,0,,0,0 
SHORTS-FOR-OPR,0,D,implicexpdte,94,,,1,,dcs_data,0,0,0,0,,0,0 
SHORTS-FOR-OPR,0,D,implicexcpt,95,,,1,,dcs_data,0,0,0,0,,0,0 
SHORTS-FOR-OPR,0,D,eccn,96,,,1,,dcs_data,0,0,0,0,,0,0 
SHORTS-FOR-OPR,0,D,sedflg,97,,,1,,dcs_data,0,0,0,0,,0,0 
SHORTS-FOR-OPR,0,D,cootyp,98,,,1,,dcs_data,0,0,0,0,,0,0 
SHORTS-FOR-OPR,0,D,coonum,99,,,1,,dcs_data,0,0,0,0,,0,0 
SHORTS-FOR-OPR,0,D,naftabegdte,100,,,1,,dcs_data,0,0,0,0,,0,0 
SHORTS-FOR-OPR,0,D,naftaenddte,101,,,1,,dcs_data,0,0,0,0,,0,0 
SHORTS-FOR-OPR,0,D,tradeagreetyp,102,,,1,,dcs_data,0,0,0,0,,0,0
SHORTS-FOR-OPR,0,D,marksnumbers,103,,,1,,dcs_data,0,0,0,0,,0,0
SHORTS-FOR-OPR,0,D,nafta_pref_crit,104,,,1,,dcs_data,0,0,0,0,,0,0
SHORTS-FOR-OPR,0,D,nafta_producer,105,,,1,,dcs_data,0,0,0,0,,0,0
SHORTS-FOR-OPR,0,D,sed_export_typ,106,,,1,,dcs_data,0,0,0,0,,0,0
SHORTS-FOR-OPR,0,D,bto_dlv_seq,107,,,1,,dcs_data,0,0,0,0,,0,0
SHORTS-FOR-OPR,0,D,bto_station,108,,,1,,dcs_data,0,0,0,0,,0,0
SHORTS-FOR-OPR,0,D,bto_side,109,,,1,,dcs_data,0,0,0,0,,0,0
SHORTS-FOR-OPR,0,D,bto_bay,110,,,1,,dcs_data,0,0,0,0,,0,0
SHORTS-FOR-OPR,0,D,ftpcod,111,,,1,,dcs_data,0,0,0,0,,0,0 
SHORTS-FOR-OPR,0,D,abs_ordinv_win,112,,,1,,dcs_data,0,0,0,0,,0,0 
SHORTS-FOR-OPR,0,D,abs_ordinv_code,113,,,1,,dcs_data,0,0,0,0,,0,0 
SHORTS-FOR-OPR,0,D,export_typ,114,,,1,,dcs_data,0,0,0,0,,0,0 
SHORTS-FOR-OPR,0,D,paytrm,115,,,1,,dcs_data,0,0,0,0,,0,0 
SHORTS-FOR-OPR,0,D,super_rule_nam,116,,,1,,dcs_data,0,0,0,0,,0,0 
SHORTS-FOR-OPR,0,D,aut_gen_flg,117,,,1,,dcs_data,0,0,0,0,,0,0 
SHORTS-FOR-OPR,0,D,org_distro_id,118,,,1,,dcs_data,0,0,0,0,,0,0 
SHORTS-FOR-OPR,0,D,btcust,119,,,1,,dcs_data,0,0,0,0,,0,0
SHORTS-FOR-OPR,0,D,stcust,120,,,1,,dcs_data,0,0,0,0,,0,0
SHORTS-FOR-OPR,0,D,rtcust,121,,,1,,dcs_data,0,0,0,0,,0,0
SHORTS-FOR-OPR,0,D,brcust,122,,,1,,dcs_data,0,0,0,0,,0,0
SHORTS-FOR-OPR,0,D,bt_adr_id,123,,,1,,dcs_data,0,0,0,0,,0,0
SHORTS-FOR-OPR,0,D,st_adr_id,124,,,1,,dcs_data,0,0,0,0,,0,0
SHORTS-FOR-OPR,0,D,rt_adr_id,125,,,1,,dcs_data,0,0,0,0,,0,0
SHORTS-FOR-OPR,0,D,br_adr_id,126,,,1,,dcs_data,0,0,0,0,,0,0
SHORTS-FOR-OPR,0,D,tot_sht_ord,127,,,1,,dcs_data,0,0,0,0,,0,0  
SHORTS-FOR-OPR,0,D,tot_sht_qty,128,,,1,,dcs_data,0,0,0,0,,0,0
SHORTS-FOR-OPR,0,D,ord_lst,129,,,1,,dcs_data,0,0,0,0,,0,0
SHORTS-FOR-OPR,0,D,stcust_lst,130,,,1,,dcs_data,0,0,0,0,,0,0
SHORTS-FOR-OPR,0,D,ordtyp,131,,,1,,dcs_data,0,0,0,0,,0,0
SHORTS-FOR-OPR,0,D,lngdsc,132,,,1,,dcs_data,0,0,0,0,,0,0
SHORTS-FOR-OPR,0,S,client_id,0,,,1,,dcs_data,0,0,0,0,,0,0       
SHORTS-FOR-OPR,0,S,ordnum,1,,,1,,dcs_data,0,0,0,0,,0,0
SHORTS-FOR-OPR,0,S,ordlin,2,,,1,,dcs_data,0,0,0,0,,0,0       
SHORTS-FOR-OPR,0,S,ordsln,3,,,1,,dcs_data,0,0,0,0,,0,0
SHORTS-FOR-OPR,0,S,wh_id,4,,,1,,dcs_data,0,0,0,0,,0,0
SHORTS-FOR-OPR,0,S,prt_client_id,5,,,1,,dcs_data,0,0,0,0,,0,0
SHORTS-FOR-OPR,0,S,prtnum,6,,,1,,dcs_data,0,0,0,0,,0,0
SHORTS-FOR-OPR,0,S,rule_nam,7,,,1,,dcs_data,0,0,0,0,,0,0
SHORTS-FOR-OPR,0,S,supnum,8,,,1,,dcs_data,0,0,0,0,,0,0
SHORTS-FOR-OPR,0,S,cooinc,9,,,1,,dcs_data,0,0,0,0,,0,0
SHORTS-FOR-OPR,0,S,coolst,10,,,1,,dcs_data,0,0,0,0,,0,0
SHORTS-FOR-OPR,0,S,dstare,11,,,1,,dcs_data,0,0,0,0,,0,0
SHORTS-FOR-OPR,0,S,dstloc,12,,,1,,dcs_data,0,0,0,0,,0,0
SHORTS-FOR-OPR,0,S,rsvpri,13,,,1,,dcs_data,0,0,0,0,,0,0
SHORTS-FOR-OPR,0,S,host_ordqty,14,,,1,,dcs_data,0,0,0,0,,0,0
SHORTS-FOR-OPR,0,S,ordqty,15,,,1,,dcs_data,0,0,0,0,,0,0
SHORTS-FOR-OPR,0,S,rsvqty,16,,,1,,dcs_data,0,0,0,0,,0,0
SHORTS-FOR-OPR,0,S,pckqty,17,,,1,,dcs_data,0,0,0,0,,0,0
SHORTS-FOR-OPR,0,S,shpqty,18,,,1,,dcs_data,0,0,0,0,,0,0
SHORTS-FOR-OPR,0,S,ovramt,19,,,1,,dcs_data,0,0,0,0,,0,0
SHORTS-FOR-OPR,0,S,ovrcod,20,,,1,,dcs_data,0,0,0,0,,0,0
SHORTS-FOR-OPR,0,S,marcod,21,,,1,,dcs_data,0,0,0,0,,0,0
SHORTS-FOR-OPR,0,S,parflg,22,,,1,,dcs_data,0,0,0,0,,0,0
SHORTS-FOR-OPR,0,S,ovaflg,23,,,1,,dcs_data,0,0,0,0,,0,0
SHORTS-FOR-OPR,0,S,ovpflg,24,,,1,,dcs_data,0,0,0,0,,0,0
SHORTS-FOR-OPR,0,S,rpqflg,25,,,1,,dcs_data,0,0,0,0,,0,0 
SHORTS-FOR-OPR,0,S,splflg,26,,,1,,dcs_data,0,0,0,0,,0,0 
SHORTS-FOR-OPR,0,S,stdflg,27,,,1,,dcs_data,0,0,0,0,,0,0 
SHORTS-FOR-OPR,0,S,bckflg,28,,,1,,dcs_data,0,0,0,0,,0,0 
SHORTS-FOR-OPR,0,S,prcpri,29,,,1,,dcs_data,0,0,0,0,,0,0 
SHORTS-FOR-OPR,0,S,frtcod,30,,,1,,dcs_data,0,0,0,0,,0,0 
SHORTS-FOR-OPR,0,S,cargrp,31,,,1,,dcs_data,0,0,0,0,,0,0 
SHORTS-FOR-OPR,0,S,carcod,32,,,1,,dcs_data,0,0,0,0,,0,0 
SHORTS-FOR-OPR,0,S,srvlvl,33,,,1,,dcs_data,0,0,0,0,,0,0 
SHORTS-FOR-OPR,0,S,sddflg,34,,,1,,dcs_data,0,0,0,0,,0,0       
SHORTS-FOR-OPR,0,S,entdte,35,,,1,,dcs_data,0,0,0,0,,0,0
SHORTS-FOR-OPR,0,S,sales_ordnum,36,,,1,,dcs_data,0,0,0,0,,0,0       
SHORTS-FOR-OPR,0,S,sales_ordlin,37,,,1,,dcs_data,0,0,0,0,,0,0
SHORTS-FOR-OPR,0,S,cstprt,38,,,1,,dcs_data,0,0,0,0,,0,0
SHORTS-FOR-OPR,0,S,manfid,39,,,1,,dcs_data,0,0,0,0,,0,0
SHORTS-FOR-OPR,0,S,deptno,40,,,1,,dcs_data,0,0,0,0,,0,0
SHORTS-FOR-OPR,0,S,accnum,41,,,1,,dcs_data,0,0,0,0,,0,0
SHORTS-FOR-OPR,0,S,prjnum,42,,,1,,dcs_data,0,0,0,0,,0,0
SHORTS-FOR-OPR,0,S,untcas,43,,,1,,dcs_data,0,0,0,0,,0,0
SHORTS-FOR-OPR,0,S,untpak,44,,,1,,dcs_data,0,0,0,0,,0,0
SHORTS-FOR-OPR,0,S,untpal,45,,,1,,dcs_data,0,0,0,0,,0,0
SHORTS-FOR-OPR,0,S,unt_ins_val,56,,,1,,dcs_data,0,0,0,0,,0,0
SHORTS-FOR-OPR,0,S,rel_val,47,,,1,,dcs_data,0,0,0,0,,0,0
SHORTS-FOR-OPR,0,S,rel_val_unt_typ,48,,,1,,dcs_data,0,0,0,0,,0,0
SHORTS-FOR-OPR,0,S,early_shpdte,49,,,1,,dcs_data,0,0,0,0,,0,0
SHORTS-FOR-OPR,0,S,late_shpdte,50,,,1,,dcs_data,0,0,0,0,,0,0
SHORTS-FOR-OPR,0,S,early_dlvdte,51,,,1,,dcs_data,0,0,0,0,,0,0
SHORTS-FOR-OPR,0,S,late_dlvdte,52,,,1,,dcs_data,0,0,0,0,,0,0
SHORTS-FOR-OPR,0,S,ordinv,53,,,1,,dcs_data,0,0,0,0,,0,0
SHORTS-FOR-OPR,0,S,xdkflg,54,,,1,,dcs_data,0,0,0,0,,0,0
SHORTS-FOR-OPR,0,S,edtflg,55,,,1,,dcs_data,0,0,0,0,,0,0
SHORTS-FOR-OPR,0,S,atoflg,56,,,1,,dcs_data,0,0,0,0,,0,0
SHORTS-FOR-OPR,0,S,pckgr1,57,,,1,,dcs_data,0,0,0,0,,0,0
SHORTS-FOR-OPR,0,S,pckgr2,58,,,1,,dcs_data,0,0,0,0,,0,0
SHORTS-FOR-OPR,0,S,pckgr3,59,,,1,,dcs_data,0,0,0,0,,0,0 
SHORTS-FOR-OPR,0,S,pckgr4,60,,,1,,dcs_data,0,0,0,0,,0,0 
SHORTS-FOR-OPR,0,S,frsflg,61,,,1,,dcs_data,0,0,0,0,,0,0 
SHORTS-FOR-OPR,0,S,invsts_prg,62,,,1,,dcs_data,0,0,0,0,,0,0 
SHORTS-FOR-OPR,0,S,min_shelf_hrs,63,,,1,,dcs_data,0,0,0,0,,0,0 
SHORTS-FOR-OPR,0,S,non_alc_flg,64,,,1,,dcs_data,0,0,0,0,,0,0 
SHORTS-FOR-OPR,0,S,tms_ord_stat,65,,,1,,dcs_data,0,0,0,0,,0,0 
SHORTS-FOR-OPR,0,S,tms_snt_flg,66,,,1,,dcs_data,0,0,0,0,,0,0 
SHORTS-FOR-OPR,0,S,tms_dte_snt,67,,,1,,dcs_data,0,0,0,0,,0,0 
SHORTS-FOR-OPR,0,S,unt_price,68,,,1,,dcs_data,0,0,0,0,,0,0       
SHORTS-FOR-OPR,0,S,wave_set,69,,,1,,dcs_data,0,0,0,0,,0,0
SHORTS-FOR-OPR,0,S,crncy_name,70,,,1,,dcs_data,0,0,0,0,,0,0       
SHORTS-FOR-OPR,0,S,equip_res_scp,71,,,1,,dcs_data,0,0,0,0,,0,0
SHORTS-FOR-OPR,0,S,tot_pln_wgt,72,,,1,,dcs_data,0,0,0,0,,0,0
SHORTS-FOR-OPR,0,S,tot_pln_cube,73,,,1,,dcs_data,0,0,0,0,,0,0
SHORTS-FOR-OPR,0,S,tot_pln_misc_qty,74,,,1,,dcs_data,0,0,0,0,,0,0
SHORTS-FOR-OPR,0,S,tot_pln_pal_qty,75,,,1,,dcs_data,0,0,0,0,,0,0
SHORTS-FOR-OPR,0,S,tot_pln_cas_qty,76,,,1,,dcs_data,0,0,0,0,,0,0
SHORTS-FOR-OPR,0,S,tot_pln_misc2_qt,77,,,1,,dcs_data,0,0,0,0,,0,0
SHORTS-FOR-OPR,0,S,appt_dte,78,,,1,,dcs_data,0,0,0,0,,0,0
SHORTS-FOR-OPR,0,S,tms_pln_sts,79,,,1,,dcs_data,0,0,0,0,,0,0
SHORTS-FOR-OPR,0,S,crncy_code,80,,,1,,dcs_data,0,0,0,0,,0,0
SHORTS-FOR-OPR,0,S,distro_id,81,,,1,,dcs_data,0,0,0,0,,0,0
SHORTS-FOR-OPR,0,S,est_time,82,,,1,,dcs_data,0,0,0,0,,0,0
SHORTS-FOR-OPR,0,S,sf_adr_id,83,,,1,,dcs_data,0,0,0,0,,0,0
SHORTS-FOR-OPR,0,S,st_adr_id,84,,,1,,dcs_data,0,0,0,0,,0,0
SHORTS-FOR-OPR,0,S,rt_adr_id,85,,,1,,dcs_data,0,0,0,0,,0,0
SHORTS-FOR-OPR,0,S,moddte,86,,,1,,dcs_data,0,0,0,0,,0,0
SHORTS-FOR-OPR,0,S,mod_usr_id,87,,,1,,dcs_data,0,0,0,0,,0,0
SHORTS-FOR-OPR,0,S,alc_search_path,88,,,1,,dcs_data,0,0,0,0,,0,0
SHORTS-FOR-OPR,0,S,bto_comcod,89,,,1,,dcs_data,0,0,0,0,,0,0
SHORTS-FOR-OPR,0,S,explicnum,90,,,1,,dcs_data,0,0,0,0,,0,0
SHORTS-FOR-OPR,0,S,explicexpdte,91,,,1,,dcs_data,0,0,0,0,,0,0
SHORTS-FOR-OPR,0,S,explicexcpt,92,,,1,,dcs_data,0,0,0,0,,0,0
SHORTS-FOR-OPR,0,S,implicnum,93,,,1,,dcs_data,0,0,0,0,,0,0 
SHORTS-FOR-OPR,0,S,implicexpdte,94,,,1,,dcs_data,0,0,0,0,,0,0 
SHORTS-FOR-OPR,0,S,implicexcpt,95,,,1,,dcs_data,0,0,0,0,,0,0 
SHORTS-FOR-OPR,0,S,eccn,96,,,1,,dcs_data,0,0,0,0,,0,0 
SHORTS-FOR-OPR,0,S,sedflg,97,,,1,,dcs_data,0,0,0,0,,0,0 
SHORTS-FOR-OPR,0,S,cootyp,98,,,1,,dcs_data,0,0,0,0,,0,0 
SHORTS-FOR-OPR,0,S,coonum,99,,,1,,dcs_data,0,0,0,0,,0,0 
SHORTS-FOR-OPR,0,S,naftabegdte,100,,,1,,dcs_data,0,0,0,0,,0,0 
SHORTS-FOR-OPR,0,S,naftaenddte,101,,,1,,dcs_data,0,0,0,0,,0,0 
SHORTS-FOR-OPR,0,S,tradeagreetyp,102,,,1,,dcs_data,0,0,0,0,,0,0
SHORTS-FOR-OPR,0,S,marksnumbers,103,,,1,,dcs_data,0,0,0,0,,0,0
SHORTS-FOR-OPR,0,S,nafta_pref_crit,104,,,1,,dcs_data,0,0,0,0,,0,0
SHORTS-FOR-OPR,0,S,nafta_producer,105,,,1,,dcs_data,0,0,0,0,,0,0
SHORTS-FOR-OPR,0,S,sed_export_typ,106,,,1,,dcs_data,0,0,0,0,,0,0
SHORTS-FOR-OPR,0,S,bto_dlv_seq,107,,,1,,dcs_data,0,0,0,0,,0,0
SHORTS-FOR-OPR,0,S,bto_station,108,,,1,,dcs_data,0,0,0,0,,0,0
SHORTS-FOR-OPR,0,S,bto_side,109,,,1,,dcs_data,0,0,0,0,,0,0
SHORTS-FOR-OPR,0,S,bto_bay,110,,,1,,dcs_data,0,0,0,0,,0,0
SHORTS-FOR-OPR,0,S,ftpcod,111,,,1,,dcs_data,0,0,0,0,,0,0 
SHORTS-FOR-OPR,0,S,abs_ordinv_win,112,,,1,,dcs_data,0,0,0,0,,0,0 
SHORTS-FOR-OPR,0,S,abs_ordinv_code,113,,,1,,dcs_data,0,0,0,0,,0,0 
SHORTS-FOR-OPR,0,S,export_typ,114,,,1,,dcs_data,0,0,0,0,,0,0 
SHORTS-FOR-OPR,0,S,paytrm,115,,,1,,dcs_data,0,0,0,0,,0,0 
SHORTS-FOR-OPR,0,S,super_rule_nam,116,,,1,,dcs_data,0,0,0,0,,0,0 
SHORTS-FOR-OPR,0,S,aut_gen_flg,117,,,1,,dcs_data,0,0,0,0,,0,0 
SHORTS-FOR-OPR,0,S,org_distro_id,118,,,1,,dcs_data,0,0,0,0,,0,0 
SHORTS-FOR-OPR,0,S,btcust,119,,,1,,dcs_data,0,0,0,0,,0,0
SHORTS-FOR-OPR,0,S,stcust,120,,,1,,dcs_data,0,0,0,0,,0,0
SHORTS-FOR-OPR,0,S,rtcust,121,,,1,,dcs_data,0,0,0,0,,0,0
SHORTS-FOR-OPR,0,S,brcust,122,,,1,,dcs_data,0,0,0,0,,0,0
SHORTS-FOR-OPR,0,S,bt_adr_id,123,,,1,,dcs_data,0,0,0,0,,0,0
SHORTS-FOR-OPR,0,S,st_adr_id,124,,,1,,dcs_data,0,0,0,0,,0,0
SHORTS-FOR-OPR,0,S,rt_adr_id,125,,,1,,dcs_data,0,0,0,0,,0,0
SHORTS-FOR-OPR,0,S,br_adr_id,126,,,1,,dcs_data,0,0,0,0,,0,0
SHORTS-FOR-OPR,0,S,ord_lst,127,,,1,,dcs_data,0,0,0,0,,0,0
SHORTS-FOR-OPR,0,S,stcust_lst,128,,,1,,dcs_data,0,0,0,0,,0,0
SHORTS-FOR-OPR,0,S,ordtyp,129,,,1,,dcs_data,0,0,0,0,,0,0
SHORTS-FOR-OPR,0,S,lngdsc,130,,,1,,dcs_data,0,0,0,0,,0,0