mls_id,locale_id,prod_id,appl_id,frm_id,vartn,srt_seq,cust_lvl,mls_text,grp_nam
rqt_cascnt,US_ENGLISH,LES,LES,LES,LES,0,0,"Cases Unplanned",dcs_fieldnames
pln_cascnt,US_ENGLISH,LES,LES,LES,LES,0,0,"Case Unallocated",dcs_fieldnames
sht_cascnt,US_ENGLISH,LES,LES,LES,LES,0,0,"Case Shorted",dcs_fieldnames
rem_cascnt,US_ENGLISH,LES,LES,LES,LES,0,0,"Case Released",dcs_fieldnames
hld_sht_cascnt,US_ENGLISH,LES,LES,LES,LES,0,0,"Cases Held",dcs_fieldnames
ack_cascnt,US_ENGLISH,LES,LES,LES,LES,0,0,"Cases Acknowledged",dcs_fieldnames
cmp_cascnt,US_ENGLISH,LES,LES,LES,LES,0,0,"Cases Loaded",dcs_fieldnames
no_pln_cnt,US_ENGLISH,LES,LES,LES,LES,0,0,"Orders Unplanned",dcs_fieldnames
pln_cnt,US_ENGLISH,LES,LES,LES,LES,0,0,"Orders Unallocated",dcs_fieldnames
no_sht_cnt,US_ENGLISH,LES,LES,LES,LES,0,0,"Orders not Short",dcs_fieldnames
sht_cnt,US_ENGLISH,LES,LES,LES,LES,0,0,"Orders Short",dcs_fieldnames
alc_cnt,US_ENGLISH,LES,LES,LES,LES,0,0,"Orders Allocated",dcs_fieldnames
rel_cnt,US_ENGLISH,LES,LES,LES,LES,0,0,"Orders Released",dcs_fieldnames
stg_cnt,US_ENGLISH,LES,LES,LES,LES,0,0,"Orders Staged",dcs_fieldnames
load_cmp_cnt,US_ENGLISH,LES,LES,LES,LES,0,0,"Orders Load Completed",dcs_fieldnames
tot_ord_cnt,US_ENGLISH,LES,LES,LES,LES,0,0,"Total Orders",dcs_fieldnames
tot_ord_cascnt,US_ENGLISH,LES,LES,LES,LES,0,0,"Total Cases",dcs_fieldnames