appl_id,frm_id,btn_key,cust_lvl,btn_posn,btn_ena_flg,btn_vis_flg,grp_nam
LES,apptmnt,btnShortsForOpr,0,33,1,1,dcs_data
shortsforopr,shortsforopr,btnStop,0,1,1,1,dcs_data
shortsforopr,shortsforopr,btnSep1,0,12,2,1,dcs_data
shortsforopr,shortsforopr,btnClear,0,13,1,1,dcs_data
shortsforopr,shortsforopr,btnFind,0,14,1,1,dcs_data
shortsforopr,shortsforopr,btnPrevRec,0,15,0,1,dcs_data
shortsforopr,shortsforopr,btnNextRec,0,16,0,1,dcs_data
shortsforopr,shortsforopr,btnRefresh,0,17,1,1,dcs_data
shortsforopr,shortsforopr,btnToggleGrid,0,18,0,1,dcs_data
shortsforopr,shortsforopr,btnChartData,0,19,1,1,dcs_data
shortsforopr,shortsforopr,btnGraph,0,20,1,1,dcs_data
shortsforopr,shortsforopr,btnSep2,0,30,1,1,dcs_data
shortsforopr,shortsforopr,btnHelp,0,31,1,1,dcs_data