lvl_id,appl_id,frm_id,addon_id,grd_var_nam,view_nam,usr_id,view_type,view_fld_nam,view_fld_width,view_fld_seq,view_fld_vis,view_fld_sort_ord,view_fld_sort_typ,view_grp_ord,view_formula,grp_nam
----,LES,ordersfordsp,LES,ORDERS-FOR-DSP,Default,LES,C,stcust,1755,1,-1,-1,0,-1,None|,0
----,LES,ordersfordsp,LES,ORDERS-FOR-DSP,Default,LES,C,ordtyp,1755,2,-1,-1,0,-1,None|,0
----,LES,ordersfordsp,LES,ORDERS-FOR-DSP,Default,LES,C,vc_ord_type,1635,3,-1,-1,0,-1,None|,0
----,LES,ordersfordsp,LES,ORDERS-FOR-DSP,Default,LES,C,no_pln_cnt,1290,4,-1,-1,0,-1,None|,0
----,LES,ordersfordsp,LES,ORDERS-FOR-DSP,Default,LES,C,pln_cnt,1470,5,-1,-1,0,-1,None|,0
----,LES,ordersfordsp,LES,ORDERS-FOR-DSP,Default,LES,C,no_sht_cnt,1515,6,-1,-1,0,-1,None|,0
----,LES,ordersfordsp,LES,ORDERS-FOR-DSP,Default,LES,C,sht_cnt,1515,7,-1,-1,0,-1,None|,0
----,LES,ordersfordsp,LES,ORDERS-FOR-DSP,Default,LES,C,alc_cnt,1080,8,0,-1,0,-1,None|,0
----,LES,ordersfordsp,LES,ORDERS-FOR-DSP,Default,LES,C,rel_cnt,930,9,-1,-1,0,-1,None|,0
----,LES,ordersfordsp,LES,ORDERS-FOR-DSP,Default,LES,C,stg_cnt,1410,10,-1,-1,0,-1,None|,0
----,LES,ordersfordsp,LES,ORDERS-FOR-DSP,Default,LES,C,rqt_cascnt,1050,11,-1,-1,0,-1,None|,0
----,LES,ordersfordsp,LES,ORDERS-FOR-DSP,Default,LES,C,pln_cascnt,1500,12,-1,-1,0,-1,None|,0
----,LES,ordersfordsp,LES,ORDERS-FOR-DSP,Default,LES,C,sht_cascnt,1755,13,-1,-1,0,-1,None|,0
----,LES,ordersfordsp,LES,ORDERS-FOR-DSP,Default,LES,C,rem_cascnt,1635,14,-1,-1,0,-1,None|,0
----,LES,ordersfordsp,LES,ORDERS-FOR-DSP,Default,LES,C,hld_sht_cascnt,1635,15,-1,-1,0,-1,None|,0
----,LES,ordersfordsp,LES,ORDERS-FOR-DSP,Default,LES,C,tot_ord_cnt,1290,16,-1,-1,0,-1,None|,0
----,LES,ordersfordsp,LES,ORDERS-FOR-DSP,Default,LES,C,tot_ord_cascnt,1290,17,-1,-1,0,-1,None|,0
----,LES,ordersfordsp,LES,ORDERS-FOR-DSP,Default,LES,C,ack_cascnt,1290,18,-1,-1,0,-1,None|,0
----,LES,ordersfordsp,LES,ORDERS-FOR-DSP,Default,LES,C,cmp_cascnt,1290,19,-1,-1,0,-1,None|,0
----,LES,ordersfordsp,LES,ORDERS-FOR-DSP,Default,LES,C,load_cmp_cnt,1290,20,-1,-1,0,-1,None|,0