lvl_id,appl_id,frm_id,addon_id,grd_var_nam,view_nam,usr_id,view_type,view_fld_nam,view_fld_width,view_fld_seq,view_fld_vis,view_fld_sort_ord,view_fld_sort_typ,view_grp_ord,view_formula,grp_nam
----,LES,shortsforopr,LES,SHORTS-FOR-OPR,Default,LES,C,prtnum,1500,1,-1,-1,0,-1,None|,0
----,LES,shortsforopr,LES,SHORTS-FOR-OPR,Default,LES,C,lngdsc,1500,2,-1,-1,0,-1,None|,0
----,LES,shortsforopr,LES,SHORTS-FOR-OPR,Default,LES,C,ordtyp,1500,3,-1,-1,0,-1,None|,0
----,LES,shortsforopr,LES,SHORTS-FOR-OPR,Default,LES,C,tot_sht_ord,1500,4,-1,-1,0,-1,None|,0
----,LES,shortsforopr,LES,SHORTS-FOR-OPR,Default,LES,C,tot_sht_qty,1500,5,-1,-1,0,-1,None|,0
----,LES,shortsforopr,LES,SHORTS-FOR-OPR,Default,LES,C,ord_lst,1755,6,-1,-1,0,-1,None|,0
----,LES,shortsforopr,LES,SHORTS-FOR-OPR,Default,LES,C,stcust_lst,1755,7,-1,-1,0,-1,None|,0